<?xml version="1.0" encoding="utf-8"?>
<extension type="module" version="3.5" client="site" method="upgrade">
    <name>TVO Aktuelle Tabelle</name>
    <author>Stefan Herzog</author>
    <version>0.0.1</version>
    <description>Aktuelle Tabelle der jeweiligen Spielklasse</description>
    <files>
        <filename>mod_tvo_aktuelle_tabelle.xml</filename>
        <filename module="mod_tvo_aktuelle_tabelle">mod_tvo_aktuelle_tabelle.php</filename>
        <filename>helper.php</filename>
        <filename>index.html</filename>
        <filename>tmpl/default.php</filename>
        <filename>tmpl/index.html</filename>
        <folder>css</folder>
    </files>
    <config>
		<fields name="params"
            addfieldpath="/administrator/components/com_tvo/models/fields">
  	    <fieldset name="basic">

        <field name="seasonStatusSelector" type="radio" default="1" label="Aktueller Stand der Saison?" description="">
					<option value="1">Saison läuft noch</option>
					<option value="0">Saison ist vorbei</option>
				</field>

        <field
          name="team"
          type="listOfAllTeams"
          label="Anzuzeigende Teams"
          description="Choose teams to be displayed"
          mode="nested"
          class="inputbox small"
          multiple="false"
          required="true"
          >
				</field>



		  </fieldset>
			<fieldset name="advanced">
				<field
					name="moduleclass_sfx"
					type="textarea"
					label="COM_MODULES_FIELD_MODULECLASS_SFX_LABEL"
					description="COM_MODULES_FIELD_MODULECLASS_SFX_DESC"
					rows="3"
				/>
        <field name="columns" type="checkboxes" label="Was soll eingeblendet werden?" description="Choose columns to be displayed in the table" required="true">
            <option value="league">Liga (als Überschrift)</option>
            <option value="lastUpdated">Letzte Aktualisierung</option>
            <option value="score">Platzierung</option>
            <option value="teamname">Mannschaftsname</option>
            <option value="gamesPlayed">Spiele bestritten</option>
				    <option value="gamesWon">Spiele gewonnen</option>
				    <option value="gamesEqual">Spiele unentschieden</option>
				    <option value="gamesLost">Spiele verloren</option>
				    <option value="goals">Torverhältnis</option>
				    <option value="points">Punkte</option>
				</field>
			</fieldset>

		</fields>
    </config>
	<updateservers>
	   <server type="extension" priority="1" name="mod_tvo_aktuelle_tabelle_update_server">https://github.com/alve89/j_mod_tvo_aktuelle_tabelle/updates.xml</server>
  </updateservers>
</extension>
